일자,차익net(억원),비차익net(억원),개별주식net(억원),KOSPInet(억원),KOSPI (우축)
2009-01-02,336 ,484 ,-171 ,650 ,1157.4
2009-01-05,0 ,450 ,"2,888 ","3,338 ",1173.57
2009-01-06,"1,670 ",363 ,"1,677 ","3,710 ",1194.28
2009-01-07,-20 ,"1,490 ","4,145 ","5,616 ",1228.17
2009-01-08,6 ,-962 ,-363 ,"-1,319 ",1205.7
2009-01-09,395 ,528 ,"-1,778 ",-855 ,1180.96
2009-01-12,2 ,368 ,"-1,372 ","-1,002 ",1156.75
2009-01-13,31 ,499 ,-228 ,302 ,1167.71
2009-01-14,0 ,-222 ,320 ,98 ,1182.68
2009-01-15,-11 ,"-1,222 ",-592 ,"-1,826 ",1111.34
2009-01-16,-9 ,"-1,136 ","-1,930 ","-3,075 ",1135.2
2009-01-19,-2 ,648 ,993 ,"1,640 ",1150.65
2009-01-20,-5 ,-121 ,-503 ,-629 ,1126.81
2009-01-21,-46 ,-347 ,"-2,036 ","-2,429 ",1103.61
2009-01-22,-172 ,-91 ,-377 ,-640 ,1116.23
2009-01-23,-19 ,-133 ,"-1,329 ","-1,481 ",1093.4
2009-01-28,20 ,"1,044 ",356 ,"1,419 ",1157.98
2009-01-29,108 ,843 ,"2,833 ","3,783 ",1166.56
2009-01-30,75 ,209 ,109 ,392 ,1162.11
2009-02-02,0 ,427 ,"1,868 ","2,295 ",1146.95
2009-02-03,18 ,"1,115 ","1,219 ","2,351 ",1163.2
2009-02-04,7 ,776 ,"1,425 ","2,208 ",1195.37
2009-02-05,0 ,516 ,"2,196 ","2,712 ",1177.88
2009-02-06,0 ,-31 ,"1,015 ",983 ,1210.26
2009-02-09,0 ,224 ,267 ,491 ,1202.69
2009-02-10,0 ,-729 ,"-1,400 ","-2,129 ",1198.87
2009-02-11,2 ,"-1,032 ",-33 ,"-1,063 ",1190.18
2009-02-12,1 ,-386 ,"-1,658 ","-2,044 ",1179.84
2009-02-13,-1 ,-184 ,"-1,029 ","-1,213 ",1192.44
2009-02-16,0 ,-325 ,190 ,-135 ,1175.47
2009-02-17,-9 ,-423 ,"-1,344 ","-1,776 ",1127.19
2009-02-18,-36 ,"1,357 ","-3,036 ","-1,716 ",1113.19
2009-02-19,-568 ,236 ,"-1,026 ","-1,358 ",1107.1
2009-02-20,-431 ,"-1,458 ","-1,700 ","-3,589 ",1065.95
2009-02-23,-50 ,428 ,-460 ,-82 ,1099.55
2009-02-24,-499 ,"-1,302 ","-1,207 ","-3,009 ",1063.88
2009-02-25,-526 ,-434 ,459 ,-502 ,1067.08
2009-02-26,-14 ,-427 ,-555 ,-996 ,1054.79
2009-02-27,-119 ,167 ,-97 ,-49 ,1063.03
2009-03-02,"-1,697 ","-3,085 ",664 ,"-4,118 ",1018.81
2009-03-03,3 ,"-1,049 ",-724 ,"-1,770 ",1025.57
2009-03-04,-526 ,"-1,483 ",226 ,"-1,783 ",1059.26
2009-03-05,-252 ,-978 ,"1,907 ",677 ,1058.18
2009-03-06,18 ,499 ,-872 ,-355 ,1055.03
2009-03-09,-31 ,-377 ,-181 ,-589 ,1071.73
2009-03-10,-12 ,"1,795 ",8 ,"1,791 ",1092.2
2009-03-11,37 ,"1,673 ","3,890 ","5,600 ",1127.51
2009-03-12,-474 ,-120 ,"5,486 ","4,891 ",1128.39
2009-03-13,181 ,408 ,"-1,130 ",-542 ,1126.03
2009-03-16,131 ,-103 ,-562 ,-534 ,1125.46
2009-03-17,905 ,549 ,"-1,159 ",296 ,1163.88
2009-03-18,569 ,190 ,-500 ,259 ,1169.95
2009-03-19,915 ,-285 ,-189 ,441 ,1161.81
2009-03-20,"1,203 ",889 ,"-1,053 ","1,039 ",1170.94
2009-03-23,198 ,"1,718 ",266 ,"2,182 ",1199.5
2009-03-24,99 ,442 ,"3,288 ","3,829 ",1221.7
2009-03-25,379 ,807 ,"-1,027 ",159 ,1229.02
2009-03-26,114 ,205 ,289 ,608 ,1243.8
2009-03-27,1 ,667 ,"2,711 ","3,379 ",1237.51
2009-03-30,77 ,-44 ,"-1,109 ","-1,076 ",1197.46
2009-03-31,31 ,714 ,"-2,394 ","-1,649 ",1206.26
2009-04-01,-6 ,782 ,-26 ,750 ,1233.36
2009-04-02,345 ,-267 ,"3,547 ","3,626 ",1276.97
2009-04-03,35 ,837 ,"3,881 ","4,752 ",1283.75
2009-04-06,145 ,774 ,"1,692 ","2,610 ",1297.85
2009-04-07,88 ,259 ,"-1,493 ","-1,145 ",1300.1
2009-04-08,54 ,204 ,"-3,548 ","-3,291 ",1262.07
2009-04-09,8 ,"3,434 ",-513 ,"2,929 ",1316.35
2009-04-10,63 ,467 ,"3,604 ","4,134 ",1336.04
2009-04-13,19 ,"1,380 ","2,593 ","3,991 ",1338.26
2009-04-14,18 ,"1,319 ",-85 ,"1,252 ",1342.63
2009-04-15,27 ,127 ,"-1,258 ","-1,104 ",1333.09
2009-04-16,-3 ,855 ,"3,947 ","4,799 ",1336.72
2009-04-17,-18 ,803 ,"4,046 ","4,831 ",1329
2009-04-20,-18 ,-11 ,"2,440 ","2,411 ",1336.39
2009-04-21,-21 ,781 ,"-1,526 ",-766 ,1336.81
2009-04-22,-10 ,-462 ,"2,379 ","1,908 ",1356.02
2009-04-23,9 ,408 ,"1,178 ","1,596 ",1368.8
2009-04-24,21 ,722 ,648 ,"1,392 ",1354.1
2009-04-27,-9 ,36 ,313 ,340 ,1339.83
2009-04-28,3 ,474 ,-772 ,-295 ,1300.24
2009-04-29,4 ,763 ,699 ,"1,466 ",1338.42
2009-04-30,16 ,"2,748 ","3,032 ","5,795 ",1369.36
2009-05-04,3 ,"1,546 ","2,538 ","4,087 ",1397.92
2009-05-06,-218 ,-159 ,"3,466 ","3,089 ",1393.45
2009-05-07,24 ,-137 ,"2,436 ","2,323 ",1401.08
2009-05-08,24 ,258 ,"4,161 ","4,444 ",1412.13
2009-05-11,10 ,-285 ,"3,071 ","2,796 ",1415.16
2009-05-12,6 ,-468 ,543 ,81 ,1403.51
2009-05-13,-6 ,-377 ,-89 ,-472 ,1414.52
2009-05-14,37 ,400 ,"-1,178 ",-742 ,1380.95
2009-05-15,-43 ,-663 ,942 ,236 ,1391.73
2009-05-18,-63 ,377 ,"1,404 ","1,718 ",1386.68
2009-05-19,-267 ,949 ,"3,606 ","4,289 ",1428.21
2009-05-20,-16 ,"1,155 ","4,082 ","5,221 ",1435.7
2009-05-21,86 ,-408 ,744 ,422 ,1421.65
2009-05-22,-37 ,870 ,-145 ,689 ,1403.75
2009-05-25,-472 ,-509 ,"3,098 ","2,117 ",1400.9
2009-05-26,-13 ,-223 ,"1,850 ","1,614 ",1372.04
2009-05-27,-250 ,113 ,"3,393 ","3,256 ",1362.02
2009-05-28,124 ,"1,000 ","1,438 ","2,562 ",1392.17
2009-05-29,132 ,503 ,"2,996 ","3,631 ",1395.89
2009-06-01,8 ,735 ,"2,619 ","3,363 ",1415.1
2009-06-02,-650 ,303 ,"5,290 ","4,943 ",1412.85
2009-06-03,-25 ,-148 ,-726 ,-900 ,1414.89
2009-06-04,"-1,158 ",44 ,24 ,"-1,090 ",1378.14
2009-06-05,-265 ,"-1,152 ","2,401 ",984 ,1394.71
2009-06-08,-93 ,-34 ,560 ,433 ,1393.3
2009-06-09,217 ,572 ,136 ,925 ,1371.84
2009-06-10,"1,710 ",137 ,"2,493 ","4,341 ",1414.88
2009-06-11,"1,774 ","2,226 ","3,063 ","7,063 ",1419.39
2009-06-12,49 ,"-1,031 ","3,477 ","2,495 ",1428.59
2009-06-15,-256 ,-430 ,212 ,-475 ,1412.42
2009-06-16,-400 ,719 ,"-1,985 ","-1,665 ",1399.15
2009-06-17,-26 ,"-1,305 ",-150 ,"-1,481 ",1391.17
2009-06-18,-44 ,188 ,-670 ,-526 ,1375.76
2009-06-19,18 ,239 ,1 ,258 ,1383.34
2009-06-22,-140 ,383 ,-35 ,208 ,1399.71
2009-06-23,-426 ,"-1,300 ",-443 ,"-2,169 ",1360.54
2009-06-24,-424 ,-298 ,-43 ,-765 ,1363.79
2009-06-25,"1,877 ","1,740 ",659 ,"4,276 ",1392.73
2009-06-26,-17 ,611 ,"2,998 ","3,592 ",1394.53
2009-06-29,55 ,86 ,163 ,305 ,1388.45
2009-06-30,291 ,"1,127 ",-848 ,570 ,1390.07
2009-07-01,11 ,707 ,"1,128 ","1,845 ",1411.66
2009-07-02,30 ,63 ,"2,728 ","2,821 ",1411.48
2009-07-03,-12 ,475 ,344 ,806 ,1420.04
2009-07-06,-47 ,-328 ,"1,511 ","1,136 ",1428.94
2009-07-07,21 ,-13 ,"1,504 ","1,512 ",1434.2
2009-07-08,10 ,-870 ,"-1,090 ","-1,950 ",1431.02
2009-07-09,32 ,"2,602 ",479 ,"3,112 ",1430.89
2009-07-10,-220 ,-457 ,327 ,-351 ,1428.62
2009-07-13,-16 ,-909 ,"-1,380 ","-2,306 ",1378.12
2009-07-14,-42 ,-758 ,585 ,-215 ,1385.56
2009-07-15,-125 ,"1,132 ","3,764 ","4,771 ",1420.86
2009-07-16,-182 ,254 ,"5,321 ","5,393 ",1432.22
2009-07-17,9 ,-128 ,"1,747 ","1,628 ",1440.1
2009-07-20,74 ,959 ,"4,171 ","5,204 ",1478.51
2009-07-21,-44 ,"1,588 ","2,496 ","4,039 ",1488.99
2009-07-22,31 ,548 ,"2,584 ","3,163 ",1494.04
2009-07-23,863 ,"1,349 ",979 ,"3,192 ",1496.49
2009-07-24,182 ,"1,177 ","3,080 ","4,439 ",1502.59
2009-07-27,582 ,"1,133 ","3,113 ","4,828 ",1524.05
2009-07-28,45 ,749 ,"4,115 ","4,909 ",1526.03
2009-07-29,13 ,178 ,"2,687 ","2,878 ",1524.32
2009-07-30,21 ,422 ,"2,348 ","2,791 ",1534.74
2009-07-31,-34 ,"1,175 ","4,614 ","5,755 ",1557.29
2009-08-03,-37 ,"1,189 ","2,877 ","4,028 ",1564.98
2009-08-04,-525 ,866 ,"5,595 ","5,935 ",1566.37
2009-08-05,-53 ,741 ,170 ,858 ,1559.47
2009-08-06,-9 ,699 ,-387 ,304 ,1565.04
2009-08-07,17 ,"1,479 ",492 ,"1,988 ",1576
2009-08-10,6 ,-239 ,"3,804 ","3,571 ",1576.11
2009-08-11,46 ,875 ,"1,035 ","1,956 ",1579.21
2009-08-12,-41 ,544 ,-514 ,-11 ,1565.35
2009-08-13,1 ,-312 ,"3,007 ","2,696 ",1564.64
2009-08-14,-115 ,"1,120 ","2,924 ","3,929 ",1591.41
2009-08-17,-671 ,-233 ,"2,147 ","1,243 ",1547.06
2009-08-18,121 ,-211 ,"-1,423 ","-1,513 ",1550.24
2009-08-19,-188 ,837 ,"1,484 ","2,133 ",1545.96
2009-08-20,-39 ,-802 ,-644 ,"-1,486 ",1576.39
2009-08-21,-130 ,65 ,"2,259 ","2,194 ",1580.98
2009-08-24,89 ,-573 ,"3,798 ","3,314 ",1612.22
2009-08-25,-194 ,555 ,"1,835 ","2,197 ",1601.38
2009-08-26,-39 ,262 ,"1,982 ","2,204 ",1614.12
2009-08-27,-233 ,768 ,"1,722 ","2,257 ",1599.33
2009-08-28,1 ,"1,759 ",373 ,"2,133 ",1607.94
2009-08-31,-366 ,-5 ,236 ,-136 ,1591.85
2009-09-01,-57 ,-137 ,517 ,323 ,1623.06
2009-09-02,-221 ,-598 ,"-2,015 ","-2,834 ",1613.16
2009-09-03,-23 ,-123 ,"-1,329 ","-1,475 ",1613.53
2009-09-04,9 ,999 ,-909 ,99 ,1608.9
2009-09-07,-385 ,-246 ,953 ,322 ,1608.57
2009-09-08,-50 ,278 ,563 ,791 ,1619.69
2009-09-09,-325 ,67 ,"1,138 ",880 ,1607.77
2009-09-10,188 ,"1,485 ","2,807 ","4,479 ",1644.68
2009-09-11,-175 ,"1,966 ","4,121 ","5,912 ",1651.7
2009-09-14,-41 ,584 ,"1,499 ","2,042 ",1634.91
2009-09-15,-122 ,"3,056 ",765 ,"3,698 ",1653.4
2009-09-16,-107 ,"5,197 ","3,988 ","9,078 ",1683.33
2009-09-17,37 ,"5,726 ","2,101 ","7,864 ",1695.47
2009-09-18,81 ,"14,122 ",-9 ,"14,194 ",1699.71
2009-09-21,-169 ,"1,388 ",653 ,"1,873 ",1695.5
2009-09-22,-230 ,"3,959 ","1,544 ","5,274 ",1718.88
2009-09-23,-607 ,"1,421 ",489 ,"1,304 ",1711.47
2009-09-24,43 ,"2,946 ","-3,924 ",-935 ,1693.88
2009-09-25,4 ,"1,483 ","-2,916 ","-1,429 ",1691.48
2009-09-28,-131 ,"1,378 ","-2,617 ","-1,370 ",1675.55
2009-09-29,-18 ,89 ,"-1,250 ","-1,179 ",1690.05
2009-09-30,89 ,"1,026 ","-1,237 ",-122 ,1673.14
2009-10-01,225 ,-65 ,"-2,510 ","-2,350 ",1644.63
2009-10-05,178 ,"1,173 ","-4,754 ","-3,402 ",1606.9
2009-10-06,360 ,891 ,"-1,548 ",-298 ,1598.44
2009-10-07,643 ,-304 ,725 ,"1,064 ",1598
2009-10-08,331 ,"1,821 ","-2,231 ",-79 ,1615.46
2009-10-09,-16 ,"1,261 ","2,986 ","4,231 ",1646.79
2009-10-12,155 ,273 ,-949 ,-521 ,1639.81
2009-10-13,112 ,-620 ,613 ,105 ,1628.93
2009-10-14,339 ,"1,564 ","1,699 ","3,602 ",1649.09
2009-10-15,25 ,996 ,"4,446 ","5,467 ",1658.99
2009-10-16,14 ,"1,722 ","2,359 ","4,095 ",1640.36
2009-10-19,120 ,"1,638 ",-816 ,942 ,1649.07
2009-10-20,-36 ,969 ,"1,311 ","2,245 ",1659.15
2009-10-21,-56 ,316 ,954 ,"1,215 ",1653.86
2009-10-22,3 ,207 ,"-1,401 ","-1,190 ",1630.33
2009-10-23,-4 ,"2,286 ",-98 ,"2,184 ",1640.17
2009-10-26,55 ,-217 ,"2,020 ","1,858 ",1657.11
2009-10-27,57 ,"1,774 ",41 ,"1,871 ",1649.53
2009-10-28,63 ,157 ,"-2,942 ","-2,722 ",1609.71
2009-10-29,72 ,-423 ,"-4,411 ","-4,762 ",1585.85
2009-10-30,-710 ,551 ,"1,433 ","1,273 ",1580.69
2009-11-02,-7 ,"1,751 ",-324 ,"1,420 ",1559.09
2009-11-03,43 ,101 ,"1,684 ","1,828 ",1549.92
2009-11-04,-365 ,122 ,"1,310 ","1,067 ",1579.93
2009-11-05,"-1,292 ",0 ,"1,041 ",-251 ,1552.24
2009-11-06,-168 ,461 ,"1,060 ","1,354 ",1572.46
2009-11-09,-44 ,584 ,729 ,"1,269 ",1576.79
2009-11-10,-82 ,753 ,"2,027 ","2,699 ",1582.3
2009-11-11,-13 ,15 ,-527 ,-525 ,1594.82
2009-11-12,132 ,-888 ,-543 ,"-1,299 ",1572.73
2009-11-13,-83 ,-136 ,-909 ,"-1,128 ",1571.99
2009-11-16,-14 ,-345 ,246 ,-114 ,1592.47
2009-11-17,27 ,690 ,"1,313 ","2,030 ",1585.98
2009-11-18,-11 ,-181 ,"1,672 ","1,481 ",1603.97
2009-11-19,5 ,"5,769 ",996 ,"6,770 ",1620.54
2009-11-20,-6 ,"1,288 ",-976 ,307 ,1620.6
2009-11-23,-24 ,5 ,-197 ,-216 ,1619.05
2009-11-24,-21 ,616 ,"1,900 ","2,494 ",1606.42
2009-11-25,-8 ,-292 ,-397 ,-697 ,1611.88
2009-11-26,-69 ,116 ,700 ,746 ,1599.52
2009-11-27,25 ,-885 ,"-1,238 ","-2,098 ",1524.5
2009-11-30,-217 ,-56 ,"1,541 ","1,267 ",1555.6
2009-12-01,-733 ,275 ,764 ,306 ,1569.72
2009-12-02,-522 ,749 ,"3,548 ","3,775 ",1591.63
2009-12-03,-32 ,663 ,328 ,959 ,1615
2009-12-04,-136 ,"1,087 ","1,448 ","2,400 ",1624.76
2009-12-07,-66 ,760 ,"1,972 ","2,666 ",1632.65
2009-12-08,-3 ,100 ,"1,565 ","1,662 ",1627.78
2009-12-09,39 ,-315 ,-594 ,-870 ,1634.17
2009-12-10,"-3,819 ","5,099 ","1,569 ","2,849 ",1652.73
2009-12-11,-300 ,746 ,793 ,"1,239 ",1656.9
2009-12-14,-13 ,804 ,-689 ,102 ,1664.77
2009-12-15,15 ,896 ,737 ,"1,648 ",1665.85
2009-12-16,35 ,-963 ,282 ,-646 ,1664.24
2009-12-17,53 ,-102 ,703 ,654 ,1647.84
2009-12-18,-45 ,55 ,"-1,737 ","-1,727 ",1647.04
2009-12-21,-28 ,-916 ,911 ,-33 ,1644.23
2009-12-22,-31 ,470 ,749 ,"1,188 ",1655.54
2009-12-23,191 ,290 ,"1,075 ","1,556 ",1661.35
2009-12-24,"1,086 ","1,750 ",-106 ,"2,730 ",1682.34
2009-12-28,89 ,-773 ,121 ,-564 ,1685.59
2009-12-29,277 ,77 ,636 ,990 ,1672.48
2009-12-30,591 ,"1,635 ",-294 ,"1,932 ",1682.77
2010-01-04,291 ,411 ,"1,688 ","2,390 ",1696.14
2010-01-05,-276 ,55 ,"4,226 ","4,005 ",1690.62
2010-01-06,225 ,352 ,"2,940 ","3,517 ",1705.32
2010-01-07,-66 ,662 ,"1,638 ","2,233 ",1683.45
2010-01-08,58 ,518 ,42 ,619 ,1695.26
2010-01-11,2 ,"-2,021 ",476 ,"-1,543 ",1694.12
2010-01-12,-19 ,-357 ,"1,617 ","1,241 ",1698.64
2010-01-13,-97 ,-146 ,"-1,160 ","-1,403 ",1671.41
2010-01-14,852 ,"-5,673 ","2,411 ","-2,410 ",1685.77
2010-01-15,-22 ,-320 ,"4,183 ","3,842 ",1701.8
2010-01-18,-123 ,"-1,031 ","1,466 ",312 ,1711.78
2010-01-19,-266 ,556 ,178 ,467 ,1710.22
2010-01-20,"-1,397 ","1,366 ","2,187 ","2,156 ",1714.38
2010-01-21,170 ,317 ,"1,104 ","1,591 ",1722.01
2010-01-22,"-1,685 ","-1,285 ","-1,951 ","-4,920 ",1684.35
2010-01-25,-12 ,276 ,100 ,365 ,1670.2
2010-01-26,"-1,341 ",-150 ,-450 ,"-1,940 ",1637.34
2010-01-27,-41 ,-889 ,"-3,521 ","-4,451 ",1625.48
2010-01-28,-866 ,455 ,"1,718 ","1,307 ",1642.43
2010-01-29,-550 ,490 ,-750 ,-809 ,1602.43
2010-02-01,-482 ,-248 ,-206 ,-935 ,1606.44
2010-02-02,"-1,511 ",274 ,"1,575 ",338 ,1595.81
2010-02-03,-981 ,358 ,"2,017 ","1,394 ",1615.02
2010-02-04,-984 ,-87 ,"1,329 ",258 ,1616.42
2010-02-05,-23 ,"-1,373 ","-1,601 ","-2,997 ",1567.12
2010-02-08,-851 ,-815 ,-491 ,"-2,157 ",1552.79
2010-02-09,-630 ,-596 ,780 ,-446 ,1570.49
2010-02-10,"-3,370 ",-389 ,"3,924 ",165 ,1570.12
2010-02-11,"-1,986 ",365 ,"2,493 ",872 ,1597.81
2010-02-12,"-2,644 ","-1,336 ","3,561 ",-419 ,1593.66
2010-02-16,-32 ,10 ,614 ,592 ,1601.05
2010-02-17,191 ,"1,033 ","2,603 ","3,828 ",1627.43
2010-02-18,-34 ,913 ,"1,009 ","1,888 ",1621.19
2010-02-19,-337 ,-169 ,856 ,350 ,1593.9
2010-02-22,"1,284 ","1,097 ",219 ,"2,600 ",1627.1
2010-02-23,279 ,"1,013 ",-773 ,520 ,1628.9
2010-02-24,-44 ,"1,010 ","-2,874 ","-1,909 ",1612.83
2010-02-25,-543 ,-50 ,"-1,765 ","-2,358 ",1587.51
2010-02-26,5 ,892 ,"-2,571 ","-1,674 ",1594.58
2010-03-02,305 ,"1,825 ","2,085 ","4,216 ",1615.12
2010-03-03,-16 ,-46 ,980 ,917 ,1622.44
2010-03-04,-395 ,"1,124 ",626 ,"1,356 ",1618.2
2010-03-05,413 ,920 ,97 ,"1,429 ",1634.57
2010-03-08,207 ,"1,514 ","3,350 ","5,071 ",1660.04
2010-03-09,239 ,"1,372 ","1,610 ","3,221 ",1660.83
2010-03-10,543 ,"1,123 ",-188 ,"1,479 ",1662.24
2010-03-11,"-2,710 ",715 ,169 ,"-1,827 ",1656.62
2010-03-12,"1,251 ","1,811 ",-636 ,"2,426 ",1662.74
2010-03-15,357 ,458 ,-241 ,575 ,1649.5
2010-03-16,"1,249 ","1,449 ","1,252 ","3,950 ",1648.01
2010-03-17,"2,976 ","2,748 ",882 ,"6,605 ",1682.86
2010-03-18,75 ,494 ,"2,401 ","2,970 ",1675.17
2010-03-19,95 ,269 ,"2,498 ","2,862 ",1686.11
2010-03-22,-203 ,61 ,555 ,413 ,1672.67
2010-03-23,-14 ,406 ,"1,505 ","1,896 ",1681.82
2010-03-24,224 ,192 ,"3,337 ","3,753 ",1681.01
2010-03-25,193 ,277 ,"1,637 ","2,107 ",1688.39
2010-03-26,-586 ,912 ,"1,773 ","2,100 ",1697.72
2010-03-29,-42 ,616 ,"2,703 ","3,278 ",1691.99
2010-03-30,67 ,-202 ,"3,720 ","3,585 ",1700.19
2010-03-31,55 ,-486 ,"1,693 ","1,262 ",1692.85
2010-04-01,981 ,"1,301 ","2,270 ","4,552 ",1719.17
2010-04-02,218 ,"1,453 ","4,601 ","6,272 ",1723.49
2010-04-05,446 ,"1,020 ","1,271 ","2,737 ",1724.99
2010-04-06,457 ,813 ,229 ,"1,499 ",1726.09
2010-04-07,"1,731 ","2,138 ",937 ,"4,806 ",1726.6
2010-04-08,889 ,"3,138 ",429 ,"4,456 ",1733.78
2010-04-09,-81 ,98 ,"6,210 ","6,227 ",1724.47
2010-04-12,21 ,185 ,171 ,376 ,1710.3
2010-04-13,263 ,-61 ,-376 ,-175 ,1710.59
2010-04-14,"1,155 ",197 ,781 ,"2,133 ",1735.33
2010-04-15,70 ,514 ,"4,607 ","5,191 ",1743.91
2010-04-16,138 ,432 ,"1,275 ","1,844 ",1734.49
2010-04-19,100 ,686 ,"-1,518 ",-731 ,1705.3
2010-04-20,-366 ,732 ,-687 ,-320 ,1718.03
2010-04-21,-166 ,"1,002 ","1,994 ","2,830 ",1747.58
2010-04-22,-752 ,900 ,809 ,957 ,1739.52
2010-04-23,-41 ,646 ,"1,013 ","1,618 ",1737.03
2010-04-26,144 ,198 ,"1,774 ","2,116 ",1752.2
2010-04-27,380 ,946 ,-99 ,"1,226 ",1749.55
2010-04-28,-813 ,318 ,63 ,-432 ,1733.91
2010-04-29,-473 ,-240 ,"1,281 ",568 ,1728.42
2010-04-30,335 ,"3,751 ",319 ,"4,405 ",1741.56
2010-05-03,436 ,841 ,"-3,590 ","-2,313 ",1721.21
2010-05-04,-36 ,"1,196 ","-1,256 ",-97 ,1718.75
2010-05-06,-307 ,-247 ,"-6,961 ","-7,515 ",1684.71
2010-05-07,"-2,880 ","-3,649 ","-5,930 ","-12,458 ",1647.5
2010-05-10,-765 ,-304 ,"-2,255 ","-3,325 ",1677.63
2010-05-11,"-1,369 ",288 ,"1,236 ",156 ,1670.24
2010-05-12,-20 ,-187 ,"-3,871 ","-4,078 ",1663.03
2010-05-13,-118 ,461 ,330 ,674 ,1694.58
2010-05-14,-165 ,-393 ,"-1,513 ","-2,071 ",1695.63
2010-05-17,-670 ,"-2,732 ","-4,237 ","-7,639 ",1651.51
2010-05-18,385 ,-300 ,"-4,317 ","-4,232 ",1643.24
2010-05-19,-614 ,6 ,"-5,394 ","-6,001 ",1630.08
2010-05-20,-313 ,-488 ,"-3,058 ","-3,859 ",1600.18
2010-05-24,13 ,"1,221 ","-2,293 ","-1,059 ",1604.93
2010-05-25,"-1,985 ",-560 ,"-3,274 ","-5,819 ",1560.83
2010-05-26,"-1,506 ","2,284 ","-3,066 ","-2,288 ",1582.12
2010-05-27,"-2,359 ","-2,293 ","1,559 ","-3,093 ",1607.5
2010-05-28,"-1,590 ","-1,066 ","3,244 ",587 ,1622.78
2010-05-31,-50 ,"2,548 ",-741 ,"1,757 ",1641.25
2010-06-01,-434 ,139 ,-396 ,-692 ,1630.4
2010-06-03,-177 ,"1,819 ","1,059 ","2,701 ",1661.84
2010-06-04,-11 ,674 ,317 ,980 ,1664.13
2010-06-07,169 ,883 ,"-3,710 ","-2,658 ",1637.97
2010-06-08,23 ,272 ,"-2,425 ","-2,130 ",1651.48
2010-06-09,113 ,552 ,"-1,011 ",-346 ,1647.22
2010-06-10,27 ,-886 ,"-1,738 ","-2,598 ",1651.7
2010-06-11,470 ,"1,897 ",750 ,"3,117 ",1675.34
2010-06-14,"2,333 ","1,402 ",-665 ,"3,071 ",1690.6
2010-06-15,379 ,"1,255 ","-1,464 ",171 ,1690.03
2010-06-16,302 ,954 ,"2,184 ","3,440 ",1705.33
2010-06-17,586 ,"2,012 ",-286 ,"2,312 ",1707.92
2010-06-18,599 ,"1,712 ",328 ,"2,639 ",1711.95
2010-06-21,830 ,"1,957 ",191 ,"2,979 ",1739.68
2010-06-22,574 ,-193 ,-544 ,-163 ,1731.48
2010-06-23,"1,113 ",41 ,"-1,484 ",-330 ,1725.82
2010-06-24,"1,435 ",695 ,"-1,846 ",284 ,1739.87
2010-06-25,367 ,700 ,"-2,594 ","-1,526 ",1729.84
2010-06-28,302 ,123 ,"-1,817 ","-1,391 ",1732.03
2010-06-29,950 ,511 ,-889 ,572 ,1707.76
2010-06-30,638 ,552 ,"-4,438 ","-3,247 ",1698.29
2010-07-01,-420 ,179 ,"-2,495 ","-2,736 ",1686.24
2010-07-02,-429 ,-128 ,"-1,717 ","-2,274 ",1671.82
2010-07-05,-181 ,-144 ,-311 ,-636 ,1675.37
2010-07-06,"-2,443 ","-1,459 ",514 ,"-3,388 ",1684.94
2010-07-07,"-2,345 ",-981 ,-574 ,"-3,900 ",1675.65
2010-07-08,-29 ,93 ,380 ,443 ,1698.64
2010-07-09,-112 ,"1,387 ","1,850 ","3,126 ",1723.01
2010-07-12,60 ,"2,342 ","1,003 ","3,405 ",1734.05
2010-07-13,"1,348 ","2,066 ",-474 ,"2,940 ",1735.08
2010-07-14,"5,106 ","3,231 ",742 ,"9,080 ",1758.01
2010-07-15,"2,186 ","1,298 ","1,363 ","4,848 ",1751.29
2010-07-16,"2,611 ","1,785 ","-1,401 ","2,995 ",1738.45
2010-07-19,15 ,-213 ,-384 ,-582 ,1731.95
2010-07-20,-34 ,-12 ,-183 ,-228 ,1736.77
2010-07-21,-13 ,704 ,"1,770 ","2,460 ",1748.78
2010-07-22,27 ,576 ,-560 ,44 ,1735.53
2010-07-23,-18 ,813 ,"1,423 ","2,217 ",1758.06
2010-07-26,61 ,59 ,"1,455 ","1,575 ",1769.07
2010-07-27,132 ,-15 ,"5,723 ","5,840 ",1768.31
2010-07-28,301 ,550 ,492 ,"1,343 ",1773.47
2010-07-29,867 ,"1,376 ",-631 ,"1,612 ",1770.88
2010-07-30,"1,363 ",357 ,-749 ,971 ,1759.33
2010-08-02,"1,311 ",536 ,"-1,150 ",698 ,1782.27
2010-08-03,119 ,698 ,"2,241 ","3,057 ",1790.6
2010-08-04,203 ,"1,965 ",-111 ,"2,057 ",1789.26
2010-08-05,255 ,380 ,"-2,190 ","-1,554 ",1783.86
2010-08-06,"1,193 ",634 ,"-2,257 ",-430 ,1783.83
2010-08-09,66 ,172 ,352 ,590 ,1790.17
2010-08-10,10 ,"1,168 ",-658 ,520 ,1781.13
2010-08-11,-119 ,"1,151 ","-1,136 ",-105 ,1758.19
2010-08-12,"-1,225 ",-884 ,"-3,314 ","-5,422 ",1721.75
2010-08-13,"-1,738 ",-501 ,629 ,"-1,610 ",1746.24
2010-08-16,"-2,141 ",-433 ,"-1,022 ","-3,597 ",1743.31
2010-08-17,-649 ,101 ,-850 ,"-1,398 ",1755.03
2010-08-18,-807 ,"1,332 ",919 ,"1,444 ",1761.99
2010-08-19,-57 ,865 ,743 ,"1,551 ",1779.64
2010-08-20,384 ,827 ,562 ,"1,774 ",1775.54
2010-08-23,200 ,546 ,-365 ,381 ,1767.71
2010-08-24,-62 ,-209 ,"1,163 ",892 ,1760.53
2010-08-25,-57 ,279 ,"-2,234 ","-2,011 ",1734.79
2010-08-26,-152 ,333 ,"-1,110 ",-930 ,1729.76
2010-08-27,"-1,510 ",955 ,-803 ,"-1,358 ",1729.56
2010-08-30,-402 ,187 ,565 ,350 ,1760.13
2010-08-31,-497 ,866 ,-854 ,-485 ,1742.75
2010-09-01,-434 ,294 ,-287 ,-428 ,1764.69
2010-09-02,9 ,900 ,41 ,950 ,1775.73
2010-09-03,894 ,"1,718 ",-235 ,"2,376 ",1780.02
2010-09-06,381 ,"1,228 ","1,979 ","3,587 ",1792.42
2010-09-07,100 ,822 ,"1,467 ","2,390 ",1787.74
2010-09-08,179 ,-405 ,-266 ,-492 ,1779.22
2010-09-09,219 ,"-2,044 ","-1,278 ","-3,103 ",1784.36
2010-09-10,"2,307 ","2,274 ","1,141 ","5,722 ",1802.58
2010-09-13,"1,389 ",932 ,"4,533 ","6,853 ",1818.86
2010-09-14,46 ,"1,063 ","2,961 ","4,069 ",1815.25
2010-09-15,"1,812 ","3,057 ",-423 ,"4,446 ",1823.88
2010-09-16,"1,149 ","1,981 ","-1,089 ","2,041 ",1811.85
2010-09-17,"1,336 ","2,063 ",-680 ,"2,718 ",1827.35
2010-09-20,-16 ,671 ,688 ,"1,343 ",1832.63
2010-09-24,-12 ,"2,719 ","-1,693 ","1,014 ",1846.6
2010-09-27,-61 ,878 ,480 ,"1,297 ",1860.83
2010-09-28,20 ,412 ,-22 ,410 ,1855.97
2010-09-29,203 ,"1,872 ","1,561 ","3,636 ",1866.45
2010-09-30,249 ,"3,017 ",941 ,"4,207 ",1872.81
2010-10-01,405 ,"2,384 ","1,880 ","4,668 ",1876.73
2010-10-04,26 ,"1,062 ","5,430 ","6,518 ",1879.29
2010-10-05,833 ,"2,243 ",-656 ,"2,420 ",1878.94
2010-10-06,-11 ,"1,926 ","6,633 ","8,547 ",1903.95
2010-10-07,703 ,"2,002 ","-1,552 ","1,153 ",1900.85
2010-10-08,"1,603 ",613 ,-467 ,"1,749 ",1897.07
2010-10-11,642 ,"1,224 ",344 ,"2,210 ",1889.91
2010-10-12,85 ,706 ,"-2,482 ","-1,691 ",1868.04
2010-10-13,8 ,"1,162 ","-2,597 ","-1,426 ",1876.15
2010-10-14,64 ,886 ,571 ,"1,521 ",1899.76
2010-10-15,"1,051 ",540 ,-407 ,"1,184 ",1902.29
2010-10-18,93 ,"1,000 ",-669 ,424 ,1875.42
2010-10-19,-42 ,326 ,"1,035 ","1,320 ",1857.32
2010-10-20,-445 ,-141 ,"-1,414 ","-2,000 ",1870.44
2010-10-21,"-1,403 ",-158 ,"1,592 ",31 ,1874.69
2010-10-22,21 ,"1,621 ","3,931 ","5,572 ",1897.31
2010-10-25,656 ,438 ,"3,950 ","5,044 ",1915.71
2010-10-26,224 ,"1,613 ","2,651 ","4,488 ",1919.41
2010-10-27,"-1,496 ",416 ,"1,912 ",833 ,1909.54
2010-10-28,-194 ,222 ,542 ,570 ,1907.87
2010-10-29,"-2,186 ","-3,643 ","2,417 ","-3,411 ",1882.95
2010-11-01,"-1,053 ",47 ,975 ,-30 ,1914.74
2010-11-02,-943 ,-312 ,"1,344 ",89 ,1918.04
2010-11-03,-87 ,80 ,"1,899 ","1,892 ",1935.97
2010-11-04,13 ,791 ,"2,511 ","3,316 ",1942.5
2010-11-05,"1,742 ","1,009 ","5,228 ","7,979 ",1938.96
2010-11-08,"1,371 ",226 ,947 ,"2,544 ",1942.41
2010-11-09,363 ,249 ,-955 ,-343 ,1947.46
2010-11-10,626 ,"1,859 ","1,929 ","4,414 ",1967.85
2010-11-11,"-20,349 ","5,047 ","2,207 ","-13,094 ",1914.73
2010-11-12,903 ,"2,660 ","5,198 ","8,761 ",1913.12
2010-11-15,61 ,537 ,"1,650 ","2,248 ",1913.81
2010-11-16,-331 ,766 ,309 ,744 ,1899.13
2010-11-17,-167 ,"-1,046 ","-1,828 ","-3,041 ",1897.11
2010-11-18,-375 ,-333 ,-860 ,"-1,568 ",1927.86
2010-11-19,-274 ,141 ,"2,043 ","1,910 ",1940.96
2010-11-22,-33 ,196 ,"1,793 ","1,956 ",1944.34
2010-11-23,-67 ,577 ,"1,320 ","1,830 ",1928.94
2010-11-24,-431 ,"-2,038 ","2,961 ",493 ,1925.98
2010-11-25,-461 ,"-2,133 ",871 ,"-1,724 ",1927.68
2010-11-26,65 ,319 ,185 ,568 ,1901.8
2010-11-29,26 ,-176 ,"-1,466 ","-1,617 ",1895.54
2010-11-30,181 ,-436 ,-711 ,-966 ,1904.63
2010-12-01,-32 ,482 ,-76 ,374 ,1929.32
2010-12-02,-57 ,279 ,"3,778 ","4,000 ",1950.26
2010-12-03,-67 ,-21 ,"3,697 ","3,609 ",1957.26
2010-12-06,-38 ,70 ,-160 ,-129 ,1953.64
2010-12-07,126 ,-3 ,710 ,833 ,1962.52
2010-12-08,227 ,661 ,"1,711 ","2,598 ",1955.72
2010-12-09,"4,298 ",51 ,"-1,017 ","3,332 ",1988.96
2010-12-10,42 ,330 ,-388 ,-16 ,1986.14
2010-12-13,28 ,"1,079 ",-708 ,399 ,1996.59
2010-12-14,52 ,"1,877 ","3,533 ","5,461 ",2009.05
2010-12-15,-14 ,"2,134 ","1,750 ","3,870 ",2017.48
2010-12-16,-23 ,241 ,356 ,574 ,2009.24
2010-12-17,201 ,532 ,"1,065 ","1,799 ",2026.3
2010-12-20,-9 ,800 ,"1,040 ","1,831 ",2020.28
2010-12-21,36 ,-249 ,-109 ,-322 ,2037.09
2010-12-22,-7 ,97 ,"3,428 ","3,518 ",2038.11
2010-12-23,33 ,833 ,539 ,"1,406 ",2037.53
2010-12-24,541 ,-13 ,196 ,724 ,2029.6
2010-12-27,673 ,"1,086 ",-149 ,"1,610 ",2022.19
2010-12-28,"1,493 ","1,163 ",-198 ,"2,459 ",2033.32
2010-12-29,20 ,21 ,-254 ,-214 ,2043.49
2010-12-30,690 ,"-1,642 ",-508 ,"-1,460 ",2051
2011-01-03,-5 ,"1,463 ","1,657 ","3,115 ",2070.08
2011-01-04,-54 ,"2,143 ","3,276 ","5,365 ",2085.14
2011-01-05,68 ,379 ,864 ,"1,311 ",2082.55
2011-01-06,-36 ,572 ,"2,852 ","3,389 ",2077.61
2011-01-07,96 ,221 ,-828 ,-512 ,2086.2
2011-01-10,-104 ,-621 ,"-1,530 ","-2,255 ",2080.81
2011-01-11,78 ,"1,608 ","-2,705 ","-1,019 ",2088.32
2011-01-12,36 ,343 ,"2,828 ","3,207 ",2094.95
2011-01-13,"-3,153 ",-989 ,"5,553 ","1,411 ",2089.48
2011-01-14,-776 ,"-2,155 ","1,484 ","-1,447 ",2108.17
2011-01-17,-392 ,"-2,150 ","2,183 ",-359 ,2099.85
2011-01-18,-536 ,-272 ,590 ,-218 ,2096.48
2011-01-19,-832 ,-41 ,909 ,36 ,2115.69
2011-01-20,-504 ,"-1,650 ",790 ,"-1,364 ",2106.66
2011-01-21,-421 ,-399 ,"-2,155 ","-2,975 ",2069.92
2011-01-24,-588 ,-2 ,-672 ,"-1,262 ",2082.16
2011-01-25,-559 ,-935 ,"2,272 ",778 ,2086.67
2011-01-26,-62 ,215 ,"1,028 ","1,181 ",2110.46
2011-01-27,-409 ,298 ,"3,729 ","3,618 ",2115.01
2011-01-28,-279 ,-561 ,-722 ,"-1,562 ",2107.87
2011-01-31,-325 ,"-1,444 ","-5,202 ","-6,972 ",2069.73
2011-02-01,-42 ,"-1,995 ",599 ,"-1,438 ",2072.03
2011-02-07,"-1,130 ",538 ,672 ,81 ,2081.74
2011-02-08,"-2,278 ",-642 ,"2,099 ",-821 ,2069.7
2011-02-09,-343 ,"-1,285 ","-3,137 ","-4,765 ",2045.58
2011-02-10,-737 ,"-4,561 ","-5,699 ","-10,997 ",2008.5
2011-02-11,"-1,001 ","-2,519 ","-2,653 ","-6,173 ",1977.19
2011-02-14,-394 ,12 ,723 ,340 ,2014.59
2011-02-15,"-1,755 ","-2,440 ","3,673 ",-521 ,2010.52
2011-02-16,-41 ,"-2,148 ",150 ,"-2,039 ",1989.11
2011-02-17,-23 ,-12 ,814 ,779 ,1977.22
2011-02-18,113 ,879 ,-4 ,988 ,2013.14
2011-02-21,"-1,151 ",-269 ,"3,182 ","1,762 ",2005.3
2011-02-22,-784 ,"-1,060 ","-1,339 ","-3,183 ",1969.92
2011-02-23,62 ,-53 ,"-1,595 ","-1,586 ",1961.63
2011-02-24,24 ,-633 ,"-1,127 ","-1,737 ",1949.88
2011-02-25,74 ,"-1,367 ","-1,901 ","-3,193 ",1963.43
2011-02-28,-149 ,"-1,328 ",-776 ,"-2,252 ",1939.3
2011-03-02,-68 ,-146 ,-514 ,-727 ,1928.24
2011-03-03,-69 ,854 ,940 ,"1,725 ",1970.66
2011-03-04,-951 ,548 ,"4,358 ","3,955 ",2004.68
2011-03-07,"-1,684 ",233 ,976 ,-475 ,1980.27
2011-03-08,-819 ,-729 ,"-2,368 ","-3,916 ",1996.32
2011-03-09,-267 ,-200 ,104 ,-364 ,2001.47
2011-03-10,"-5,388 ","-3,182 ","-3,206 ","-11,776 ",1981.58
2011-03-11,"-1,041 ","-2,552 ","-1,452 ","-5,045 ",1955.54
2011-03-14,"-1,031 ","1,378 ","1,004 ","1,351 ",1971.23
2011-03-15,"-1,360 ",99 ,"-1,051 ","-2,312 ",1923.92
2011-03-16,51 ,"1,143 ","-1,188 ",5 ,1957.97
2011-03-17,-100 ,294 ,"1,001 ","1,195 ",1959.03
2011-03-18,11 ,"-1,737 ","3,162 ","1,436 ",1981.13
2011-03-21,66 ,-121 ,"1,393 ","1,338 ",2003.42
2011-03-22,-34 ,443 ,"1,961 ","2,371 ",2013.66
2011-03-23,166 ,"1,183 ",-84 ,"1,265 ",2012.18
2011-03-24,375 ,"1,562 ",827 ,"2,764 ",2036.78
2011-03-25,661 ,"1,339 ","1,607 ","3,607 ",2054.04
2011-03-28,86 ,407 ,"1,160 ","1,653 ",2056.39
2011-03-29,328 ,"3,389 ","-1,926 ","1,791 ",2072.13
2011-03-30,"2,342 ","1,731 ",865 ,"4,938 ",2091.38
2011-03-31,"3,496 ","4,906 ","-1,484 ","6,918 ",2106.7
2011-04-01,"2,449 ","4,611 ",306 ,"7,366 ",2121.01
2011-04-04,743 ,"1,415 ",-338 ,"1,820 ",2115.87
2011-04-05,694 ,"4,003 ","-2,518 ","2,179 ",2130.43
2011-04-06,429 ,"2,930 ","1,822 ","5,180 ",2126.71
2011-04-07,141 ,"2,539 ","-2,031 ",649 ,2122.14
2011-04-08,-31 ,"3,122 ","-1,961 ","1,130 ",2127.97
2011-04-11,5 ,-307 ,"1,332 ","1,030 ",2122.39
2011-04-12,-74 ,"-1,120 ","-1,043 ","-2,237 ",2089.4
2011-04-13,12 ,-51 ,-163 ,-203 ,2121.92
2011-04-14,-492 ,"-1,077 ","1,383 ",-186 ,2141.06
2011-04-15,19 ,"-1,308 ",-251 ,"-1,540 ",2140.5
2011-04-18,-158 ,-111 ,22 ,-246 ,2137.72
2011-04-19,"-1,748 ",-155 ,"-3,518 ","-5,421 ",2122.68
2011-04-20,-24 ,"1,512 ",257 ,"1,745 ",2169.91
2011-04-21,"1,865 ","3,556 ","2,921 ","8,342 ",2198.54
2011-04-22,"1,599 ","1,051 ",-548 ,"2,102 ",2197.82
2011-04-25,-17 ,437 ,836 ,"1,255 ",2216
2011-04-26,6 ,323 ,462 ,790 ,2206.3
2011-04-27,"2,633 ","4,742 ",-572 ,"6,802 ",2206.7
2011-04-28,-30 ,782 ,-664 ,88 ,2208.35
2011-04-29,37 ,738 ,-2 ,773 ,2192.36
2011-05-02,288 ,943 ,759 ,"1,990 ",2228.96
2011-05-03,123 ,335 ,-112 ,346 ,2200.73
2011-05-04,"1,264 ","3,797 ","-4,920 ",141 ,2180.64
2011-05-06,312 ,"1,279 ","-3,988 ","-2,397 ",2147.45
2011-05-09,"-1,473 ",207 ,"1,959 ",693 ,2139.17
2011-05-11,-862 ,546 ,"1,735 ","1,420 ",2166.63
2011-05-12,"-6,398 ","-5,985 ","2,412 ","-9,971 ",2122.65
2011-05-13,"-1,294 ","-2,725 ","-2,394 ","-6,413 ",2120.08
2011-05-16,"-3,144 ","-2,040 ",58 ,"-5,126 ",2104.18
2011-05-17,-286 ,"-1,623 ",-421 ,"-2,330 ",2102.41
2011-05-18,-502 ,"-2,084 ","2,063 ",-522 ,2135.78
2011-05-19,"-1,036 ","-6,383 ","3,606 ","-3,813 ",2095.51
2011-05-20,-437 ,-151 ,-629 ,"-1,218 ",2111.5
2011-05-23,"-1,178 ","-1,769 ","-1,147 ","-4,093 ",2055.71
2011-05-24,-383 ,-563 ,"-1,767 ","-2,713 ",2061.76
2011-05-25,"-1,376 ",287 ,347 ,-742 ,2035.87
2011-05-26,33 ,"1,732 ","1,125 ","2,889 ",2091.91
2011-05-27,-73 ,704 ,"1,589 ","2,220 ",2100.24
2011-05-30,-180 ,"-1,438 ",772 ,-846 ,2093.79
2011-05-31,-39 ,"4,631 ",280 ,"4,871 ",2142.47
2011-06-01,34 ,-193 ,650 ,491 ,2141.34
2011-06-02,-98 ,"1,303 ","-1,556 ",-351 ,2114.2
2011-06-03,-15 ,"1,066 ",-794 ,257 ,2113.47
2011-06-07,-79 ,"3,675 ","-1,403 ","2,193 ",2099.71
2011-06-08,15 ,"1,683 ",-797 ,901 ,2083.35
2011-06-09,-111 ,"-3,201 ","-3,296 ","-6,609 ",2071.42
2011-06-10,-520 ,-65 ,228 ,-357 ,2046.67
2011-06-13,66 ,-124 ,"-1,962 ","-2,019 ",2048.74
2011-06-14,68 ,-33 ,-509 ,-474 ,2076.83
2011-06-15,59 ,-228 ,302 ,133 ,2086.53
2011-06-16,-29 ,623 ,"-2,705 ","-2,112 ",2046.63
2011-06-17,"1,673 ",588 ,"-4,144 ","-1,883 ",2031.93
2011-06-20,19 ,"1,339 ","-2,653 ","-1,295 ",2019.65
2011-06-21,"2,329 ",867 ,"-3,173 ",24 ,2048.17
2011-06-22,"1,127 ","1,225 ","-2,510 ",-158 ,2063.9
2011-06-23,450 ,28 ,"-1,803 ","-1,324 ",2055.86
2011-06-24,"4,275 ","1,258 ","-5,005 ",528 ,2090.81
2011-06-27,-106 ,334 ,"-1,256 ","-1,028 ",2070.29
2011-06-28,203 ,585 ,"-1,134 ",-345 ,2062.91
2011-06-29,181 ,"3,295 ",740 ,"4,215 ",2094.42
2011-06-30,490 ,"1,906 ",-566 ,"1,830 ",2100.69
2011-07-01,-16 ,"1,018 ",658 ,"1,661 ",2125.74
2011-07-04,316 ,78 ,"1,214 ","1,609 ",2145.3
2011-07-05,"2,429 ","1,338 ",-19 ,"3,749 ",2161.75
2011-07-06,"2,013 ","1,289 ","-1,601 ","1,702 ",2171.19
2011-07-07,"2,996 ","2,769 ",-385 ,"5,380 ",2180.59
2011-07-08,"2,599 ","2,115 ","12,486 ","17,200 ",2180.35
2011-07-11,"2,277 ","1,885 ","-3,067 ","1,095 ",2157.16
2011-07-12,146 ,-564 ,"-3,437 ","-3,856 ",2109.73
2011-07-13,11 ,193 ,"-2,160 ","-1,956 ",2129.64
2011-07-14,-759 ,-602 ,852 ,-509 ,2130.07
2011-07-15,-51 ,"1,022 ","-2,302 ","-1,331 ",2145.2
2011-07-18,-779 ,-926 ,-402 ,"-2,107 ",2130.48
2011-07-19,-28 ,-52 ,"-3,025 ","-3,104 ",2130.21
2011-07-20,113 ,-502 ,-956 ,"-1,345 ",2154.95
2011-07-21,311 ,"1,096 ","-3,217 ","-1,809 ",2145.04
2011-07-22,"1,086 ","1,725 ","-1,175 ","1,637 ",2171.23
2011-07-25,2 ,224 ,-851 ,-625 ,2150.48
2011-07-26,"1,911 ",651 ,"-2,865 ",-302 ,2168.7
2011-07-27,383 ,420 ,"-1,241 ",-439 ,2174.31
2011-07-28,48 ,"1,182 ","-2,463 ","-1,232 ",2155.85
2011-07-29,-53 ,184 ,"-1,600 ","-1,469 ",2133.21
2011-08-01,"2,350 ",809 ,-688 ,"2,472 ",2172.31
2011-08-02,105 ,"-1,981 ","-1,835 ","-3,710 ",2121.27
2011-08-03,"-1,443 ","-1,390 ","-4,982 ","-7,815 ",2066.26
2011-08-04,"-2,003 ",-741 ,"-1,661 ","-4,406 ",2018.47
2011-08-05,558 ,"2,102 ","-6,714 ","-4,053 ",1943.75
2011-08-08,373 ,350 ,"-1,538 ",-816 ,1869.45
2011-08-09,"-5,549 ","-5,038 ","-1,130 ","-11,717 ",1801.35
2011-08-10,"-10,470 ","-5,965 ","3,676 ","-12,759 ",1806.24
2011-08-11,-629 ,984 ,"-3,182 ","-2,826 ",1817.44
2011-08-12,"-3,345 ","-1,568 ","2,121 ","-2,792 ",1793.31
2011-08-16,4 ,909 ,"5,707 ","6,620 ",1879.87
2011-08-17,-56 ,840 ,-882 ,-97 ,1892.67
2011-08-18,"-1,110 ",740 ,"-1,160 ","-1,530 ",1860.58
2011-08-19,15 ,906 ,"-3,489 ","-2,568 ",1744.88
2011-08-22,422 ,-65 ,"-2,756 ","-2,399 ",1710.7
2011-08-23,10 ,704 ,"-1,414 ",-700 ,1776.68
2011-08-24,-319 ,"-1,693 ","2,923 ",911 ,1754.78
2011-08-25,"-1,047 ",-92 ,687 ,-453 ,1764.58
2011-08-26,-103 ,497 ,"-1,010 ",-615 ,1778.95
2011-08-29,"-1,249 ",-565 ,166 ,"-1,648 ",1829.5
2011-08-30,-50 ,-380 ,"2,414 ","1,984 ",1843.82
2011-08-31,16 ,"2,802 ",-138 ,"2,680 ",1880.11
2011-09-01,-67 ,"8,261 ","2,733 ","10,926 ",1880.7
2011-09-02,-308 ,363 ,-856 ,-800 ,1867.75
2011-09-05,"-1,740 ",434 ,"-2,013 ","-3,319 ",1785.83
2011-09-06,-844 ,536 ,"-4,088 ","-4,396 ",1766.71
2011-09-07,35 ,-878 ,"-2,434 ","-3,277 ",1833.46
2011-09-08,-24 ,-784 ,788 ,-20 ,1846.64
2011-09-09,-680 ,-618 ,166 ,"-1,132 ",1812.93
2011-09-14,-750 ,"-3,267 ","-2,856 ","-6,873 ",1749.16
2011-09-15,-68 ,374 ,"-2,170 ","-1,864 ",1774.08
2011-09-16,"1,326 ","1,305 ","-1,752 ",879 ,1840.1
2011-09-19,-28 ,"1,159 ","-1,081 ",50 ,1820.94
2011-09-20,593 ,571 ,"-2,925 ","-1,761 ",1837.97
2011-09-21,358 ,"2,490 ",-121 ,"2,726 ",1854.28
2011-09-22,-194 ,-798 ,"-2,020 ","-3,011 ",1800.55
2011-09-23,"-1,524 ","-2,093 ","-3,059 ","-6,677 ",1697.44
2011-09-26,350 ,-487 ,"-2,445 ","-2,582 ",1652.71
2011-09-27,53 ,821 ,815 ,"1,690 ",1735.71
2011-09-28,-302 ,"1,572 ","1,953 ","3,223 ",1723.09
2011-09-29,-275 ,"1,708 ",-199 ,"1,234 ",1769.29
2011-09-30,-779 ,"3,258 ",-296 ,"2,183 ",1769.65
2011-10-04,"-1,197 ",-722 ,"-2,592 ","-4,511 ",1706.19
2011-10-05,"1,371 ","-1,861 ","-2,504 ","-2,995 ",1666.52
2011-10-06,"1,522 ",622 ,-998 ,"1,146 ",1710.32
2011-10-07,754 ,"1,051 ","2,008 ","3,813 ",1759.77
2011-10-10,13 ,-461 ,-569 ,"-1,018 ",1766.44
2011-10-11,-24 ,"1,676 ","1,646 ","3,299 ",1795.02
2011-10-12,-12 ,603 ,-622 ,-31 ,1809.5
2011-10-13,151 ,863 ,"3,406 ","4,421 ",1823.1
2011-10-14,16 ,"1,864 ","-1,451 ",429 ,1835.4
2011-10-17,-37 ,"2,304 ",237 ,"2,505 ",1865.18
2011-10-18,-131 ,347 ,"1,243 ","1,459 ",1838.9
2011-10-19,-76 ,"1,359 ","-1,597 ",-314 ,1855.92
2011-10-20,30 ,130 ,"-1,294 ","-1,134 ",1805.09
2011-10-21,-72 ,348 ,"-2,917 ","-2,641 ",1838.38
2011-10-24,167 ,719 ,894 ,"1,780 ",1898.32
2011-10-25,41 ,"2,728 ",727 ,"3,496 ",1888.65
2011-10-26,6 ,440 ,"-1,405 ",-959 ,1894.31
2011-10-27,67 ,-3 ,"1,650 ","1,714 ",1922.04
2011-10-28,815 ,"2,890 ","1,009 ","4,713 ",1929.48
2011-10-31,25 ,"2,090 ",-724 ,"1,390 ",1909.03
2011-11-01,31 ,"1,514 ",128 ,"1,673 ",1909.63
2011-11-02,-37 ,689 ,"-4,158 ","-3,506 ",1898.01
2011-11-03,-59 ,-276 ,-55 ,-390 ,1869.96
2011-11-04,80 ,328 ,284 ,692 ,1928.41
2011-11-07,-78 ,173 ,"1,283 ","1,379 ",1919.1
2011-11-08,39 ,584 ,-352 ,271 ,1903.14
2011-11-09,247 ,582 ,"-3,503 ","-2,673 ",1907.53
2011-11-10,959 ,-375 ,"-5,632 ","-5,048 ",1813.25
2011-11-11,-270 ,-71 ,"-2,314 ","-2,655 ",1863.45
2011-11-14,2 ,498 ,834 ,"1,334 ",1902.81
2011-11-15,16 ,-248 ,-521 ,-753 ,1886.12
2011-11-16,-622 ,"1,332 ",177 ,887 ,1856.07
2011-11-17,-198 ,-833 ,"-2,354 ","-3,385 ",1876.67
2011-11-18,"-1,375 ","-1,671 ",-997 ,"-4,042 ",1839.17
2011-11-21,-463 ,-809 ,"-1,607 ","-2,879 ",1820.03
2011-11-22,-577 ,-559 ,"-2,081 ","-3,216 ",1826.28
2011-11-23,"-1,376 ",-873 ,"-1,951 ","-4,200 ",1783.1
2011-11-24,32 ,157 ,"-2,895 ","-2,706 ",1795.06
2011-11-25,"-1,052 ",-996 ,"-1,487 ","-3,534 ",1776.4
2011-11-28,162 ,-379 ,"-1,719 ","-1,935 ",1815.28
2011-11-29,412 ,"3,029 ",706 ,"4,147 ",1856.52
2011-11-30,"1,085 ","2,825 ",41 ,"3,951 ",1847.51
2011-12-01,"2,164 ","1,691 ","2,482 ","6,336 ",1916.18
2011-12-02,"2,432 ",977 ,"-2,387 ","1,022 ",1916.04
2011-12-05,587 ,160 ,"-1,400 ",-652 ,1922.9
2011-12-06,585 ,-791 ,"-1,306 ","-1,512 ",1902.82
2011-12-07,"2,636 ",498 ,"-3,389 ",-256 ,1919.42
2011-12-08,818 ,"4,772 ","-3,556 ","2,034 ",1912.39
2011-12-09,-665 ,-791 ,"-2,779 ","-4,235 ",1874.75
2011-12-12,153 ,544 ,-699 ,-2 ,1899.76
2011-12-13,-41 ,-346 ,"-1,684 ","-2,071 ",1864.06
2011-12-14,86 ,-511 ,"-3,024 ","-3,450 ",1857.75
2011-12-15,-302 ,-224 ,"-2,338 ","-2,864 ",1819.11
2011-12-16,-275 ,473 ,123 ,321 ,1839.96
2011-12-19,"-1,317 ","-1,431 ",339 ,"-2,409 ",1776.93
2011-12-20,9 ,"-1,199 ","-2,051 ","-3,240 ",1793.06
2011-12-21,123 ,"1,285 ","1,891 ","3,299 ",1848.41
2011-12-22,-29 ,933 ,"-1,063 ",-158 ,1847.49
2011-12-23,239 ,"1,648 ",15 ,"1,902 ",1867.22
2011-12-26,3 ,553 ,286 ,842 ,1856.7
2011-12-27,-177 ,46 ,"1,097 ",966 ,1842.02
2011-12-28,-12 ,-606 ,932 ,314 ,1825.12
2011-12-29,-15 ,367 ,-204 ,148 ,1825.74
2012-01-02,-92 ,"-1,381 ",468 ,"-1,005 ",1826.37
2012-01-03,33 ,"2,886 ",299 ,"3,218 ",1875.41
2012-01-04,53 ,"1,189 ","1,740 ","2,983 ",1866.22
2012-01-05,194 ,601 ,"-1,168 ",-373 ,1863.74
2012-01-06,-32 ,398 ,-838 ,-472 ,1843.14
2012-01-09,-135 ,"1,422 ","-2,062 ",-775 ,1826.49
2012-01-10,377 ,766 ,-854 ,289 ,1853.22
2012-01-11,-63 ,518 ,668 ,"1,124 ",1845.55
2012-01-12,50 ,"2,067 ",-419 ,"1,699 ",1864.57
2012-01-13,664 ,"1,620 ","3,761 ","6,045 ",1875.68
2012-01-16,28 ,265 ,-230 ,63 ,1859.27
2012-01-17,235 ,"3,225 ",803 ,"4,263 ",1892.74
2012-01-18,479 ,"1,804 ","2,187 ","4,471 ",1892.39
2012-01-19,"2,343 ","2,987 ","2,102 ","7,432 ",1914.97
2012-01-20,"4,796 ","6,028 ","3,594 ","14,418 ",1949.89
2012-01-25,"4,459 ","3,378 ","1,558 ","9,395 ",1952.23
2012-01-26,"2,076 ","2,710 ",-143 ,"4,643 ",1957.18
2012-01-27,"1,439 ","3,192 ",371 ,"5,003 ",1964.83
2012-01-30,407 ,-142 ,"-1,028 ",-763 ,1940.55
2012-01-31,"4,742 ","1,398 ","-4,738 ","1,403 ",1955.79
2012-02-01,94 ,"1,726 ","2,336 ","4,156 ",1959.24
2012-02-02,"2,373 ","4,829 ","2,894 ","10,096 ",1984.3
2012-02-03,19 ,"1,235 ","-2,473 ","-1,219 ",1972.34
2012-02-06,897 ,-552 ,"1,422 ","1,766 ",1973.13
2012-02-07,"1,671 ","3,037 ","-1,059 ","3,649 ",1981.59
2012-02-08,139 ,"3,187 ",647 ,"3,974 ",2003.73
2012-02-09,69 ,"-2,113 ","3,097 ","1,053 ",2014.62
2012-02-10,-99 ,276 ,706 ,883 ,1993.71
2012-02-13,48 ,952 ,683 ,"1,683 ",2005.74
2012-02-14,-63 ,508 ,-235 ,209 ,2002.64
2012-02-15,21 ,"1,208 ","1,325 ","2,555 ",2025.32
2012-02-16,-21 ,-321 ,-196 ,-537 ,1997.45
2012-02-17,-4 ,"2,285 ",343 ,"2,624 ",2023.47
2012-02-20,624 ,897 ,122 ,"1,643 ",2024.9
2012-02-21,829 ,"1,699 ","-1,238 ","1,291 ",2024.24
2012-02-22,77 ,"1,543 ","1,482 ","3,102 ",2028.65
2012-02-23,329 ,"1,175 ","-1,646 ",-142 ,2007.8
2012-02-24,513 ,"1,255 ",-61 ,"1,707 ",2019.89
2012-02-27,1 ,28 ,-317 ,-288 ,1991.16
2012-02-28,133 ,303 ,"-1,249 ",-813 ,2003.69
2012-02-29,-117 ,"2,239 ","3,202 ","5,325 ",2030.25
2012-03-02,-36 ,698 ,"3,086 ","3,748 ",2034.63
2012-03-05,"-1,003 ",323 ,210 ,-471 ,2016.06
2012-03-06,-51 ,"-2,364 ",152 ,"-2,263 ",2000.36
2012-03-07,-592 ,"-2,528 ",-588 ,"-3,708 ",1982.15
2012-03-08,"-3,819 ",-976 ,586 ,"-4,209 ",2000.76
2012-03-09,-67 ,-468 ,701 ,166 ,2018.3
2012-03-12,-49 ,"-1,313 ",-104 ,"-1,466 ",2002.5
2012-03-13,"1,194 ","1,117 ","-1,106 ","1,205 ",2025.04
2012-03-14,939 ,"2,723 ","1,697 ","5,359 ",2045.08
2012-03-15,44 ,"1,847 ",-200 ,"1,691 ",2043.76
2012-03-16,317 ,-239 ,"3,033 ","3,111 ",2034.44
2012-03-19,225 ,294 ,-174 ,345 ,2047
2012-03-20,40 ,-77 ,162 ,124 ,2042.15
2012-03-21,-131 ,"-1,105 ",-273 ,"-1,509 ",2027.23
2012-03-22,37 ,485 ,"-1,022 ",-499 ,2026.12
2012-03-23,2 ,910 ,-431 ,481 ,2026.83
2012-03-26,6 ,-34 ,-423 ,-451 ,2019.19
2012-03-27,22 ,"1,809 ","1,615 ","3,446 ",2039.76
2012-03-28,-16 ,-554 ,-51 ,-622 ,2031.74
2012-03-29,-80 ,-202 ,656 ,374 ,2014.41
2012-03-30,941 ,-834 ,114 ,221 ,2014.04
2012-04-02,-659 ,812 ,-330 ,-177 ,2029.29
2012-04-03,-341 ,"1,525 ","1,475 ","2,660 ",2049.28
2012-04-04,96 ,-803 ,"2,966 ","2,259 ",2018.61
2012-04-05,-16 ,"1,479 ","-1,433 ",30 ,2028.77
2012-04-06,28 ,276 ,"1,985 ","2,290 ",2029.03
2012-04-09,-28 ,-246 ,-300 ,-574 ,1997.08
2012-04-10,5 ,-558 ,-270 ,-823 ,1994.41
2012-04-12,-14 ,"-1,840 ","-1,714 ","-3,568 ",1986.63
2012-04-13,-14 ,268 ,40 ,294 ,2008.91
2012-04-16,-323 ,"-1,290 ",395 ,"-1,218 ",1992.63
2012-04-17,-29 ,-575 ,"-2,408 ","-3,011 ",1985.3
2012-04-18,27 ,"-1,010 ",-242 ,"-1,224 ",2004.53
2012-04-19,19 ,-5 ,-887 ,-873 ,1999.86
2012-04-20,-123 ,"-1,371 ","-1,785 ","-3,279 ",1974.65
2012-04-23,1 ,-364 ,-857 ,"-1,219 ",1972.63
2012-04-24,-348 ,-48 ,489 ,93 ,1963.42
2012-04-25,-341 ,"-1,338 ","1,656 ",-22 ,1961.98
2012-04-26,-115 ,-147 ,"2,005 ","1,743 ",1964.04
2012-04-27,-200 ,133 ,"3,286 ","3,219 ",1975.35
2012-04-30,-91 ,"2,272 ",953 ,"3,135 ",1981.99
2012-05-02,-786 ,458 ,-991 ,"-1,319 ",1999.07
2012-05-03,-66 ,"-1,279 ",18 ,"-1,327 ",1995.11
2012-05-04,-22 ,187 ,"-1,131 ",-965 ,1989.15
2012-05-07,"-1,501 ","-1,275 ","-1,649 ","-4,425 ",1956.44
2012-05-08,-328 ,"-1,472 ","-1,432 ","-3,232 ",1967.01
2012-05-09,22 ,"-2,088 ","-1,371 ","-3,437 ",1950.29
2012-05-10,-522 ,-559 ,-997 ,"-2,078 ",1944.93
2012-05-11,-779 ,-861 ,-35 ,"-1,674 ",1917.13
2012-05-14,-602 ,"-1,648 ",678 ,"-1,572 ",1913.73
2012-05-15,-7 ,"-1,185 ",-653 ,"-1,845 ",1898.96
2012-05-16,3 ,"-2,531 ","-2,383 ","-4,912 ",1840.53
2012-05-17,-742 ,272 ,-44 ,-514 ,1845.24
2012-05-18,"-1,148 ","-4,066 ",916 ,"-4,298 ",1782.46
2012-05-21,-360 ,"-1,311 ","1,092 ",-579 ,1799.13
2012-05-22,"-1,287 ","-1,755 ","3,003 ",-39 ,1828.69
2012-05-23,"-1,110 ","-3,351 ",635 ,"-3,825 ",1808.62
2012-05-24,-337 ,"-1,709 ",-275 ,"-2,322 ",1814.47
2012-05-25,-66 ,"-1,187 ",-98 ,"-1,351 ",1824.17
2012-05-29,8 ,-130 ,418 ,296 ,1849.91
2012-05-30,"-1,858 ",78 ,"3,361 ","1,581 ",1844.86
2012-05-31,-825 ,"1,370 ",-747 ,-202 ,1843.47
2012-06-01,"-1,285 ","-1,132 ",404 ,"-2,013 ",1834.51
2012-06-04,184 ,-59 ,"-2,853 ","-2,728 ",1783.13
2012-06-05,264 ,"-1,997 ","-1,467 ","-3,200 ",1801.85
2012-06-07,38 ,"3,238 ",-197 ,"3,079 ",1847.95
2012-06-08,63 ,211 ,-217 ,57 ,1835.64
2012-06-11,52 ,480 ,"1,656 ","2,188 ",1867.04
2012-06-12,-81 ,392 ,-702 ,-391 ,1854.74
2012-06-13,24 ,575 ,968 ,"1,567 ",1859.32
2012-06-14,376 ,"5,617 ","-5,226 ",767 ,1871.48
2012-06-15,225 ,"1,151 ","-3,384 ","-2,007 ",1858.16
2012-06-18,"1,878 ","3,259 ","-1,385 ","3,752 ",1891.71
2012-06-19,310 ,"2,320 ",-698 ,"1,932 ",1891.77
2012-06-20,204 ,"1,962 ",198 ,"2,364 ",1904.12
2012-06-21,"1,262 ",701 ,"-1,701 ",262 ,1889.15
2012-06-22,-129 ,226 ,"-2,499 ","-2,402 ",1847.39
2012-06-25,-659 ,-276 ,"-4,047 ","-4,982 ",1825.38
2012-06-26,-978 ,-168 ,"-1,885 ","-3,030 ",1817.81
2012-06-27,-284 ,"-2,230 ",100 ,"-2,414 ",1817.65
2012-06-28,-67 ,"-1,054 ",497 ,-623 ,1819.18
2012-06-29,-20 ,500 ,"-2,025 ","-1,545 ",1854.01
2012-07-02,-8 ,-655 ,"1,075 ",412 ,1851.65
2012-07-03,-6 ,220 ,31 ,245 ,1867.82
2012-07-04,-17 ,"2,175 ",-424 ,"1,733 ",1874.45
2012-07-05,7 ,252 ,-119 ,140 ,1875.49
2012-07-06,-225 ,"1,450 ","-1,044 ",181 ,1858.2
2012-07-09,-38 ,-486 ,"-2,821 ","-3,345 ",1836.13
2012-07-10,-67 ,752 ,"-1,848 ","-1,162 ",1829.45
2012-07-11,3 ,-809 ,"-1,462 ","-2,268 ",1826.39
2012-07-12,"-1,307 ",-674 ,-433 ,"-2,414 ",1785.39
2012-07-13,-954 ,-668 ,"-1,733 ","-3,355 ",1812.89
2012-07-16,-344 ,"-1,103 ",602 ,-846 ,1817.79
2012-07-17,-13 ,"-1,269 ","4,463 ","3,181 ",1821.96
2012-07-18,-6 ,159 ,-583 ,-430 ,1794.91
2012-07-19,33 ,769 ,-74 ,729 ,1822.96
2012-07-20,78 ,737 ,"1,156 ","1,972 ",1822.93
2012-07-23,-33 ,-350 ,"-1,472 ","-1,854 ",1789.44
2012-07-24,-47 ,903 ,"-1,061 ",-206 ,1793.93
2012-07-25,-99 ,-431 ,-354 ,-884 ,1769.31
2012-07-26,47 ,-259 ,-228 ,-439 ,1782.47
2012-07-27,-68 ,"2,200 ","2,676 ","4,808 ",1829.16
2012-07-30,11 ,"1,289 ","3,633 ","4,933 ",1843.79
2012-07-31,-2 ,"3,070 ","3,128 ","6,196 ",1881.99
2012-08-01,101 ,"1,197 ",-803 ,494 ,1879.93
2012-08-02,46 ,"1,629 ",456 ,"2,131 ",1869.4
2012-08-03,-19 ,"1,034 ","-1,611 ",-596 ,1848.68
2012-08-06,11 ,"1,023 ",610 ,"1,643 ",1885.88
2012-08-07,41 ,268 ,328 ,636 ,1886.8
2012-08-08,"3,039 ","4,070 ",233 ,"7,342 ",1903.23
2012-08-09,"11,248 ","5,530 ","-1,101 ","15,677 ",1940.59
2012-08-10,"2,224 ","4,206 ",168 ,"6,598 ",1946.4
2012-08-13,"1,432 ","2,029 ",-819 ,"2,642 ",1932.44
2012-08-14,"2,271 ","4,589 ","-2,532 ","4,328 ",1956.96
2012-08-16,"1,747 ","2,374 ",-594 ,"3,527 ",1957.91
2012-08-17,"2,702 ","2,191 ",252 ,"5,145 ",1946.54
2012-08-20,"1,273 ","1,781 ","-2,700 ",354 ,1946.31
2012-08-21,"1,183 ","2,673 ","-1,287 ","2,569 ",1943.22
2012-08-22,987 ,"3,014 ","-2,092 ","1,909 ",1935.19
2012-08-23,937 ,-304 ,430 ,"1,063 ",1942.54
2012-08-24,88 ,-677 ,"-1,518 ","-2,107 ",1919.81
2012-08-27,"1,943 ","3,542 ","-1,952 ","3,533 ",1917.87
2012-08-28,-36 ,398 ,"-1,520 ","-1,158 ",1916.33
2012-08-29,-20 ,803 ,"-2,097 ","-1,314 ",1928.54
2012-08-30,24 ,-847 ,-687 ,"-1,510 ",1906.38
2012-08-31,15 ,"1,498 ","-1,968 ",-455 ,1905.12
2012-09-03,0 ,420 ,295 ,715 ,1912.71
2012-09-04,-10 ,631 ,-302 ,319 ,1907.13
2012-09-05,-228 ,-261 ,-69 ,-558 ,1874.03
2012-09-06,-160 ,201 ,"-1,909 ","-1,868 ",1881.24
2012-09-07,-22 ,122 ,"3,007 ","3,107 ",1929.58
2012-09-10,56 ,641 ,"1,448 ","2,145 ",1924.7
2012-09-11,-1 ,876 ,"1,249 ","2,124 ",1920
2012-09-12,37 ,877 ,-253 ,661 ,1950.03
2012-09-13,-209 ,497 ,"1,016 ","1,304 ",1950.69
2012-09-14,"3,365 ","9,082 ",365 ,"12,812 ",2007.58
2012-09-17,42 ,"2,143 ","2,960 ","5,145 ",2002.35
2012-09-18,-5 ,476 ,110 ,581 ,2004.96
2012-09-19,719 ,"2,287 ","-1,264 ","1,742 ",2007.88
2012-09-20,56 ,"1,379 ",-879 ,556 ,1990.33
2012-09-21,567 ,"1,960 ",-847 ,"1,680 ",2002.37
2012-09-24,103 ,-403 ,299 ,-1 ,2003.44
2012-09-25,-20 ,49 ,-152 ,-123 ,1991.41
2012-09-26,56 ,43 ,142 ,241 ,1980.44
2012-09-27,291 ,-50 ,"-1,529 ","-1,288 ",1988.7
2012-09-28,-4 ,"2,055 ",282 ,"2,333 ",1996.21
2012-10-02,17 ,"1,073 ",-612 ,478 ,1996.03
2012-10-04,200 ,285 ,"-1,111 ",-626 ,1992.68
2012-10-05,108 ,253 ,-833 ,-472 ,1995.17
2012-10-08,79 ,142 ,"3,739 ","3,960 ",1981.89
2012-10-09,"1,142 ",564 ,"-2,365 ",-659 ,1979.04
2012-10-10,31 ,193 ,"-1,273 ","-1,049 ",1948.22
2012-10-11,9 ,-620 ,"-1,394 ","-2,005 ",1933.09
2012-10-12,-77 ,-13 ,"-2,789 ","-2,879 ",1933.26
2012-10-15,-12 ,289 ,"-1,988 ","-1,711 ",1925.59
2012-10-16,91 ,375 ,-869 ,-403 ,1941.54
2012-10-17,-21 ,338 ,-70 ,247 ,1955.15
2012-10-18,-6 ,"1,183 ",-643 ,534 ,1959.12
2012-10-19,53 ,-999 ,"-1,254 ","-2,200 ",1943.84
2012-10-22,-7 ,286 ,-989 ,-710 ,1941.59
2012-10-23,23 ,-993 ,424 ,-546 ,1926.81
2012-10-24,-100 ,-407 ,"-2,684 ","-3,191 ",1913.96
2012-10-25,107 ,-28 ,-110 ,-31 ,1924.5
2012-10-26,-15 ,-280 ,"-1,364 ","-1,659 ",1891.43
2012-10-29,-102 ,951 ,"-2,163 ","-1,314 ",1891.52
2012-10-30,31 ,"1,267 ",-267 ,"1,031 ",1899.58
